created_at,content
"November 18, 2024 5:15 PM (GMT+9)",S
"November 12, 2024 11:05 PM (GMT+9)",둥지 멋잇어요
"November 12, 2024 11:05 PM (GMT+9)","안녕하세요 "
"November 12, 2024 11:04 PM (GMT+9)",ㅎㅇ
"November 6, 2024 8:08 PM (GMT+9)",사랑해요~
"November 4, 2024 12:03 AM (GMT+9)",둥지살려~~~~~
"October 17, 2024 9:50 PM (GMT+9)",살아나라
"October 17, 2024 9:50 PM (GMT+9)",둥지…살아있어요?
"September 4, 2024 10:49 PM (GMT+9)",Z
"August 26, 2024 2:33 PM (GMT+9)",낑낑
"July 3, 2024 9:05 AM (GMT+9)",홈페이지 왜 이렇게 난잡해요;ㅣ
"June 27, 2024 12:20 AM (GMT+9)",55555
"June 22, 2024 12:36 PM (GMT+9)",둥지 살아있습니다
"May 28, 2024 10:30 AM (GMT+9)",이건 뭐지?
"May 28, 2024 10:30 AM (GMT+9)",우왕
"May 17, 2024 9:50 AM (GMT+9)",ㅇ
"May 9, 2024 4:17 PM (GMT+9)",uyguuyuygu
"March 27, 2024 4:50 AM (GMT+9)",Hi
"March 18, 2024 5:38 PM (GMT+9)",신기하당
"March 14, 2024 8:59 PM (GMT+9)",누가 여기 테러해놨냐
"January 5, 2024 8:11 PM (GMT+9)",멋져요
"January 5, 2024 8:11 PM (GMT+9)",멋져요
"January 5, 2024 6:14 PM (GMT+9)",헉 이제야 둥지를 발견하다니
"January 5, 2024 7:43 AM (GMT+9)",?!
"December 12, 2023 5:32 PM (GMT+9)",둥지 화이팅!
"November 13, 2023 8:46 PM (GMT+9)",!!!!
"November 13, 2023 8:46 PM (GMT+9)",권윤 화이팅!
"November 11, 2023 2:24 AM (GMT+9)",와 짱이다
"November 5, 2023 10:57 PM (GMT+9)",안녕
"November 1, 2023 4:10 AM (GMT+9)",sergserg
"November 1, 2023 4:04 AM (GMT+9)",ezree
"November 1, 2023 4:04 AM (GMT+9)",..
"October 23, 2023 12:23 PM (GMT+9)",응원해요
"October 6, 2023 6:24 PM (GMT+9)",hello this is text test
"October 4, 2023 11:12 PM (GMT+9)",우와
"October 4, 2023 11:54 AM (GMT+9)","둥지 화이팅 1 "
"October 4, 2023 11:53 AM (GMT+9)",둥지냉면
"October 4, 2023 11:52 AM (GMT+9)","둥지화이팅! "
"October 2, 2023 5:44 PM (GMT+9)",화이팅!
"September 14, 2023 8:34 PM (GMT+9)",너무넘 멋져요 둥지 짱~~
"September 11, 2023 10:14 AM (GMT+9)",Instagram @project.doongzi
"September 4, 2023 7:33 PM (GMT+9)",굿굿!!!!
"August 30, 2023 8:06 PM (GMT+9)",씨발이게뭐노
"August 11, 2023 12:06 AM (GMT+9)",둥지냉면
"August 11, 2023 12:06 AM (GMT+9)",멋져용
"August 8, 2023 8:03 PM (GMT+9)",갱쉿
"August 8, 2023 8:03 PM (GMT+9)",멋져요!
"August 8, 2023 5:31 PM (GMT+9)",Uhubyby
"August 8, 2023 5:31 PM (GMT+9)",C
"August 8, 2023 3:35 PM (GMT+9)",안녕
"August 4, 2023 10:28 PM (GMT+9)",수고가 많으십니다 ^^
"August 1, 2023 9:31 PM (GMT+9)",작업 너무 멋있어요
"August 1, 2023 9:31 PM (GMT+9)",작업 너무 멋있어요
"August 1, 2023 12:42 PM (GMT+9)",신기하네요~~
"August 1, 2023 12:42 PM (GMT+9)",우와~ 멋져요~
"July 31, 2023 7:20 PM (GMT+9)",얍
"July 31, 2023 5:07 PM (GMT+9)",웹사이트 짱이다...!!!!
"July 29, 2023 4:03 PM (GMT+9)",윤언니 항상 파이팅 닥스훈트가
"July 29, 2023 10:17 AM (GMT+9)",!!!
"July 26, 2023 6:07 PM (GMT+9)",hi
"July 8, 2023 11:03 PM (GMT+9)","I love comic sans "
"July 8, 2023 9:21 PM (GMT+9)",~
"July 8, 2023 12:16 AM (GMT+9)",익명으로 댓글을 달 수 있음...
"July 7, 2023 2:14 AM (GMT+9)",응원합니다^^
"July 7, 2023 2:13 AM (GMT+9)",응원합니다^^
"July 6, 2023 3:48 PM (GMT+9)",★★★★★★★★합주가하고싶은채정훈★★★★★★★★ 구독 알림설정
"July 6, 2023 10:32 AM (GMT+9)",둥지..ㄱㅇㅇ…🪹🪺
"July 6, 2023 10:32 AM (GMT+9)",안녕하세요 봉지입니다 . 권윤은 혹시 god인가요? 사랑해요
"July 6, 2023 10:06 AM (GMT+9)",둥둥둥둥
"July 6, 2023 2:59 AM (GMT+9)",봉지야안녕
"July 6, 2023 2:43 AM (GMT+9)",이게뭐지
"June 29, 2023 3:30 PM (GMT+9)",오 되게 정신없다!!!
"June 29, 2023 3:29 PM (GMT+9)",짱이지
"June 29, 2023 3:29 PM (GMT+9)",짱이지
"June 26, 2023 1:27 AM (GMT+9)",오
"June 25, 2023 6:25 AM (GMT+9)",한국어를 한 마디도 몰라서 그냥 깊게만 쓰고 있어요.
"June 25, 2023 6:24 AM (GMT+9)","Sopra la panca la capra campa, sotto la panca la capra crepa"
"June 23, 2023 6:08 AM (GMT+9)","This is the best website I've ever seen in my whole life and in previous lives, even when I was a Goat"
"June 12, 2023 6:45 PM (GMT+9)",sehr gut
"May 29, 2023 8:36 PM (GMT+9)","화이팅!!! "
"May 27, 2023 1:12 PM (GMT+9)",또띠아 김밥 맛있어요
"May 27, 2023 1:11 PM (GMT+9)",권윤과 함께하는 또띠아 김밥
"May 23, 2023 9:46 PM (GMT+9)","<script>alert(""권윤 최고다!!!"")</script>"
"May 23, 2023 9:08 AM (GMT+9)",-------------절취선----------
"May 23, 2023 8:41 AM (GMT+9)",드럴드럴
"May 23, 2023 1:19 AM (GMT+9)",즐겁게 발전해가시길
"May 23, 2023 1:19 AM (GMT+9)",재밌네요 좋은 사이트
"May 23, 2023 1:18 AM (GMT+9)",와우 넘어가는군요
"May 23, 2023 1:18 AM (GMT+9)",오 이제 끝인걸까요
"May 23, 2023 1:18 AM (GMT+9)",차
"May 23, 2023 1:18 AM (GMT+9)",랏
"May 23, 2023 1:18 AM (GMT+9)",으
"May 23, 2023 1:18 AM (GMT+9)",좀만 더 채워볼게요
"May 23, 2023 1:18 AM (GMT+9)",오 거의 다 채웠습니다
"May 23, 2023 1:18 AM (GMT+9)",궁금하네요
"May 23, 2023 1:17 AM (GMT+9)",화면을 다 채우면 어떻게 되나요
"May 23, 2023 1:17 AM (GMT+9)",이거 다 읽어보십니까?
"May 23, 2023 12:28 AM (GMT+9)",🥕
"May 22, 2023 10:48 PM (GMT+9)",쭈펄이올시다. 나처럼 살지마시오
"May 22, 2023 7:24 PM (GMT+9)",둥지에 접속하고 해킹당해서 메이플 200만 메소가 없어졌는데 어떠카죠…
"May 22, 2023 5:48 PM (GMT+9)",권윤 파이팅!
"May 22, 2023 5:39 PM (GMT+9)",우와
"May 22, 2023 5:01 PM (GMT+9)",둥지가최고
"May 15, 2023 11:25 PM (GMT+9)",둥지가최고!
"May 15, 2023 11:25 PM (GMT+9)",둥지가살아났다!
"April 27, 2023 9:43 PM (GMT+9)","우리 웹사이트 팀 회의중 ! "
"April 2, 2023 8:39 AM (GMT+9)",멋있어요 진짜
"March 31, 2023 8:58 AM (GMT+9)",둥지는 정말 멋져요최고예요짱이야요
"March 16, 2023 5:46 AM (GMT+9)",Schwäbisch Gmünd
"March 16, 2023 5:46 AM (GMT+9)",Product design sucks ass
"March 16, 2023 5:45 AM (GMT+9)",Product design sucks ass
"March 16, 2023 5:45 AM (GMT+9)",Product design sucks ass
"March 16, 2023 5:45 AM (GMT+9)","Design is sucks "
"March 16, 2023 5:45 AM (GMT+9)",Simge
"March 16, 2023 5:45 AM (GMT+9)"," ㅓ어저래누앙 어러나 - 로베르토"
"March 16, 2023 5:44 AM (GMT+9)",Hi
"March 16, 2023 5:44 AM (GMT+9)",Hi
"March 5, 2023 5:52 PM (GMT+9)",해커톤 화이팅
"March 5, 2023 4:48 PM (GMT+9)","김가은 김하은 투김은 최고양이 ~~~ 우리는 앞으로 더 멋졍~! 물론 지금두 >< "
"March 5, 2023 4:47 PM (GMT+9)","멋져용 ~!!!! "
"February 21, 2023 10:49 AM (GMT+9)",오마갓
"January 3, 2023 7:11 PM (GMT+9)",멋져!
"December 13, 2022 5:46 PM (GMT+9)",열
"December 13, 2022 5:46 PM (GMT+9)",열
"December 13, 2022 5:20 PM (GMT+9)",멋쟁이들
"December 3, 2022 9:22 PM (GMT+9)",멋지당
"November 14, 2022 12:51 AM (GMT+9)",굿
"October 24, 2022 8:48 AM (GMT+9)",둥지짱멋잇어요 ..
"October 20, 2022 10:28 PM (GMT+9)",우와 넘 흥미로운 둥지!
"October 16, 2022 12:04 AM (GMT+9)",머찌네요 이곳 ... 인스타에서 흘러흘러 방문하게 되었습니다...
"October 5, 2022 10:31 PM (GMT+9)",왕
"October 5, 2022 10:30 PM (GMT+9)",먹져여
"October 1, 2022 4:05 PM (GMT+9)",왕귀여워요
"October 1, 2022 4:05 PM (GMT+9)",왕귀여운데요...? 전 이 사이트
"September 23, 2022 5:33 PM (GMT+9)",선혜 시은 왕왕이들 둥지보고 감탄하다..
"September 23, 2022 5:32 PM (GMT+9)","디학 21후배덜 다녀감니다.... 둥지짱,,,"
"September 23, 2022 12:36 PM (GMT+9)",글피짱이에요오오오오 채영짱 ㅎ.ㅎ.ㅎ.ㅎ.ㅎ.ㅎ.ㅎ
"September 23, 2022 12:36 PM (GMT+9)","병아리가 빠르네요,,, 너무 신기해요 이런거 처음 봐요 꺅 멋있다 !!!!!!!!!!!!!!!!!!!!!!!!!!!!!!!!!!!!!!!!!!!!!!!"
"September 22, 2022 12:31 PM (GMT+9)",ㅡ
"September 22, 2022 12:15 PM (GMT+9)",셋팅 완료 !!!!!
"September 21, 2022 7:02 PM (GMT+9)",둥지 최고!!!
"September 20, 2022 3:35 PM (GMT+9)",둥이란 ㄱㅆ가 ㄴ무 귀ㅇ네요 ㅈㅅ 잘 보고 갑니다
"September 13, 2022 7:32 PM (GMT+9)",귀여워
"September 6, 2022 2:25 PM (GMT+9)","둥지 내일 이사해요 하하하 "
"August 26, 2022 2:59 AM (GMT+9)",개멋져요
"August 26, 2022 2:59 AM (GMT+9)",최고!
"August 26, 2022 2:58 AM (GMT+9)","멋져요!! "
"August 19, 2022 2:36 PM (GMT+9)",둥지 페이지가 주는 시각적인 가치가 너무 좋네요! 앞으로도 멋진 프로젝트 이어나가주세요 응원할게요
"August 19, 2022 2:34 PM (GMT+9)",둥지냉명 먹고싶다
"August 16, 2022 7:32 PM (GMT+9)",응원과 칭찬
"August 15, 2022 1:40 PM (GMT+9)",멋지네요!
"August 15, 2022 10:17 AM (GMT+9)",저도 개발공부 꼭 해보고싶아요 넘 멋져요~~~
"August 14, 2022 6:06 PM (GMT+9)",이화를 빛내주세요~~
"August 14, 2022 6:06 PM (GMT+9)",이화 디자인 둥지 파이팅~~
"August 14, 2022 5:59 PM (GMT+9)",둥지친구들 멋지고 재밌는 작업 잘 보고 있어요 앞으로도 재밌는 것들 건강 해치지 않을 만큼만 해주세요~ 수고 많았습니다 전시잘봤어요!
"August 14, 2022 5:52 PM (GMT+9)",둥지 전시 잘 보고 갑니다 :) 공들인 작품들에 절로 감탄이 나오네요 (이 키보드 좋네요..)
"August 14, 2022 5:07 PM (GMT+9)",둥지 전시 너무 잘 봤습니다 넘 멋져요 짱...... -민채-
"August 14, 2022 3:59 PM (GMT+9)",우리 쨍이가 유명해질 것 같으니까 사인부터 받아놔야겠다. 앞으러 더 친하게 지내자 쨍 -챟-
"August 14, 2022 3:37 PM (GMT+9)",죽전사는 21세 박희수 입니다. 전장점수 5100점 나처럼 살지 마시오.
"August 14, 2022 3:36 PM (GMT+9)",다덜 아이디어 넘 잼있고 멋있읍니다... 잘보고 갑니다 그나저나 방명록 남길 때 계속 즐 나오는 건 좀 킹받네요
"August 14, 2022 3:04 PM (GMT+9)",율리짱 둥지짱 멋져요...앞으로도 아자뵤..!
"August 14, 2022 2:32 PM (GMT+9)",둥지둥지둥지
"August 14, 2022 1:55 PM (GMT+9)",전시 진짜진짜 잘 봤습니다!! 그리고.. 알바 그만두신 것은 탁월한 선택입니다. <<<<<<익명으로 처리해주세요
"August 14, 2022 1:54 PM (GMT+9)",채영쌤 미술학원 얼른 오세요ㅠㅠ 전시 재밌어요!! 다음에도 불러주세요 ㅎㅎ
"August 14, 2022 1:46 PM (GMT+9)",번아웃의 대해 생각해봤다!
"August 14, 2022 12:39 AM (GMT+9)","멋져여!!!!! "
"August 13, 2022 7:51 PM (GMT+9)",이채영 김채은 배유빈
"August 13, 2022 7:50 PM (GMT+9)",ㄴ 초성 잘못씀 진짜로
"August 13, 2022 7:50 PM (GMT+9)",이채영 너무 대박 사랑해여 이채영 ㅇ이채영 이채영 잉채영 이챙ㅇ영 이채영 결혼해주세요 채영씨 너무 멋잇어요 사랑해용ㄴㅇㅁ
"August 13, 2022 7:50 PM (GMT+9)",이채영 멋잇어요
"August 13, 2022 7:50 PM (GMT+9)",이채영 사랑해요
"August 13, 2022 7:50 PM (GMT+9)",이채엳ㅇ
"August 13, 2022 7:50 PM (GMT+9)",이채영 결혼해주세요
"August 13, 2022 7:50 PM (GMT+9)",이채영 사랑해요
"August 13, 2022 7:50 PM (GMT+9)",이채영화이이딭ㅇ
"August 13, 2022 7:49 PM (GMT+9)",평촌중학교 2학년 9반 수고했고 행복하자
"August 13, 2022 7:49 PM (GMT+9)",재민아 생일 축하해 -2022.08.13-
"August 13, 2022 7:48 PM (GMT+9)","둥지의 첫번째 단독전시...추천합니다. -미슐랭, 깐느, 봉준호-"
"August 13, 2022 7:47 PM (GMT+9)",둥지에게 응원과 칭찬을 날려주세요!
"August 13, 2022 7:46 PM (GMT+9)",두루둥둥둥 킹받아용 ~~~~~
"August 13, 2022 6:53 PM (GMT+9)",헤이요 대구에서 올라온 구도연이어요 전시 너무 재밌게 보고갑니다. 우하하하 둥지가 내 친구들이라니!
"August 13, 2022 6:41 PM (GMT+9)",ㅂㄷㄱㅅㄱㄷㅅㅈㄷㄱㅅㄱㅅㄲㅅ
"August 13, 2022 6:41 PM (GMT+9)",전시 잘 봤습니다 항상 응원합니다!!
"August 13, 2022 6:28 PM (GMT+9)",둥지 슈퍼루키님들을 알게 돼서 너무너무 행복합니다ㅜ_ㅜ 이렇게 좋은 전시를 볼 수 있다니... 근데 진짜 출판물을 살 수 없어서 너무 아쉽고 슬퍼요 그러니까 나중에 3S 멤버들 작업실에 초대해주세요 그 때 정독 한 번 하겠습니다 푸하학! ㅎ___ㅎ 아무튼 정말 멋진 전시 잘 보고 갑니당 앞으로의 둥지를 응원해요-!ㅎㅎㅎㅎ
"August 13, 2022 6:06 PM (GMT+9)",멋지십니다~
"August 13, 2022 6:03 PM (GMT+9)",어머 여억시 슈퍼루키님들은 달라도 너무 달라~~~~~둥지 전시 너무 아늑하고 좋네요. 호호 솔직히 책 출판 안하시면 유죄입니다. 유죄요. 킹받네요 빡침 온도 2038934747도 입니다만
"August 13, 2022 5:44 PM (GMT+9)",둥지가 최고
"August 13, 2022 5:44 PM (GMT+9)",두둥실
"August 13, 2022 5:43 PM (GMT+9)",!
"August 13, 2022 5:43 PM (GMT+9)","안녕얘드라 나는 예안이야 !! 전시 축하해 우리 1수니들 "
"August 13, 2022 5:36 PM (GMT+9)",엄마는 자랑스럽다..
"August 13, 2022 1:52 PM (GMT+9)",둥지 하이~  간지나는 디자인 잘 보고 갑니다.^^ - 박민진 올림
"August 13, 2022 1:13 PM (GMT+9)",최고의 둥지 화이팅!!~
"August 13, 2022 12:58 AM (GMT+9)",^^ 훌륭한 둥둥지
"August 12, 2022 5:13 PM (GMT+9)",🪺둥지의둥지재밌게보다가요
"August 12, 2022 5:11 PM (GMT+9)",- 슈 -
"August 12, 2022 5:11 PM (GMT+9)",갓생러들 애정합니다!!!!
"August 12, 2022 5:11 PM (GMT+9)",담에 또 놀러갈래용 둥지로 안봤으면 후회할 전시어따////
"August 12, 2022 5:11 PM (GMT+9)",뜰이어서 정말 마니 배우고 나도 성장하는 것 같아
"August 12, 2022 5:11 PM (GMT+9)",뜰이어서 정말 마니 배우고 나도 성장하는 것 같아
"August 12, 2022 5:10 PM (GMT+9)",둥지야 너무 멋있어 너네가 내 1반버
"August 12, 2022 4:55 PM (GMT+9)",멋있어요 퐈이탱🎉
"August 12, 2022 4:44 PM (GMT+9)",정말 멋져요 여기서 살래용 -세입자중에서 비즈.니스를 담당하는사람-
"August 12, 2022 4:44 PM (GMT+9)",나중에 같이 협업하는 날을 그리 며..
"August 12, 2022 4:43 PM (GMT+9)",세입자 들렸다가용~
"August 12, 2022 4:09 PM (GMT+9)",안녕하세요. 권윤이랑 입시 학원을 같이 다녔던 학원 친구 1입니다. 이번 전시 너무 흥미롭게 봤구요. 키보드 키감이 너무 좋은데요?
"August 12, 2022 4:08 PM (GMT+9)",너무 멋있어요... 되게 실험적이고 멋있구 이거시 영앤 크리에이티브 디자이너들의 전시..>!
"August 12, 2022 3:59 PM (GMT+9)",듕지 전시 너무 재밌다 유익하다.!
"August 12, 2022 3:40 PM (GMT+9)",병아리야 잡혀라 _혜ㅁ
"August 12, 2022 3:40 PM (GMT+9)",더욱 강력해져서 돌아온 둥~ 첫 단독전시도 너무 잘 보고 갑니다 이번에도 왠지 급박하게 타자를 쳐야할 것 같은 느낌이네요 우와아라라ㅏ라랄
"August 12, 2022 3:23 PM (GMT+9)",전시회 자체를 온 건 처음인데 좀 신기하고 재밌었어염 >__< -전 반월고 원탑 귀요미-
"August 12, 2022 3:21 PM (GMT+9)",-이지은-
"August 12, 2022 3:21 PM (GMT+9)","다들 일기를 쓴다면, 일기장 한편씩 훔쳐보고 싶다."
"August 12, 2022 3:16 PM (GMT+9)",최곱니다아둥아둥아둥근해가 떴습니다
"August 12, 2022 2:47 PM (GMT+9)",너무 멋져요둥
"August 12, 2022 2:46 PM (GMT+9)",귯
"August 12, 2022 2:41 PM (GMT+9)",너무 재밌는 인터랙션...천재들인거 같아요
"August 12, 2022 2:00 PM (GMT+9)",전 둥지 라이벌인데요 짱멋있으시네요
"August 12, 2022 1:59 PM (GMT+9)",나연님 최고..고생했어요 - 예심
"August 12, 2022 1:59 PM (GMT+9)",완전 갓디자이너...이채영...감탄만 하고 갑니다...-예심
"August 12, 2022 1:58 PM (GMT+9)",왕 멋져여 왕 신기함
"August 11, 2022 8:02 PM (GMT+9)",extraordinary야 윤성아;;;;\
"August 11, 2022 7:55 PM (GMT+9)",EXTRAORDINALY DESIGNERS!!!
"August 11, 2022 7:52 PM (GMT+9)",권윤짱
"August 11, 2022 7:52 PM (GMT+9)",둥지냉면짱
"August 11, 2022 7:52 PM (GMT+9)",둥지멋있어용
"August 11, 2022 6:54 PM (GMT+9)",파이팅
"August 11, 2022 5:28 PM (GMT+9)",내가 성장 과정을 목격할 수 있다니 매우 영광이에요
"August 11, 2022 5:28 PM (GMT+9)",진짜 마니마니 응원한다 사실 내 응원이 없어도 훨훨 날 인재들이지만 미래의 핫스타들의 성장 과정에 내가 껴 있고 싶어서 이러는 중
"August 11, 2022 5:27 PM (GMT+9)",아 이거 키보드 타감 너무 좋네요
"August 11, 2022 5:26 PM (GMT+9)",요즘은 비행할 수 있는 둥지가 있다면서요??? 미확인 물체가 알고 보니 둥지였다죠
"August 11, 2022 5:26 PM (GMT+9)","너네는 정말 최고다,,,, 어쩜 이렇게 노력형 천재들만 모였니...? 기지배들 부럽다,,,"
"August 11, 2022 5:11 PM (GMT+9)",열심히 사시는 모습이 너무 신기하고 존경스러운 마음까지 들어욤 ㅎㅎ 언제나 파이티이팅!! -지은-
"August 11, 2022 5:10 PM (GMT+9)",여러분 이번 전시두 너무 멋져요~!!!!!!!!! -밍-
"August 11, 2022 5:03 PM (GMT+9)","채영아.... 채영아... 난 널 부르고 있어.. 넌 지금 인스타그램을 하고 있어... 그리고 스토리를 확인하고 있어... 그런데 내가 이걸 쓰는 줄 몰라,... 이제알아.."
"August 11, 2022 4:44 PM (GMT+9)",김나연화이팅 김나연짱 김나연멋있다 김나연킹
"August 11, 2022 4:32 PM (GMT+9)",여름이었다
"August 11, 2022 4:29 PM (GMT+9)",둥지의 열정에 반하고 감!
"August 11, 2022 4:21 PM (GMT+9)",계속 쓰고 싶은 이 느끰
"August 11, 2022 4:20 PM (GMT+9)",키보드 느낌은 좋으네~
"August 11, 2022 4:20 PM (GMT+9)",채영아 타자 소리 좀 줄여야겠다 ㅋㅋ
"August 11, 2022 4:20 PM (GMT+9)",병아리 잡는 거 어려워요
"August 11, 2022 3:56 PM (GMT+9)",윤석열 화이팅
"August 11, 2022 3:56 PM (GMT+9)",윤석열
"August 11, 2022 3:50 PM (GMT+9)",채영이 파이팅💚
"August 11, 2022 3:49 PM (GMT+9)",영이 체고~~
"August 11, 2022 2:37 PM (GMT+9)","다음엔 국립 현대 미술관에서 봅시다 세인&고은 "
"August 11, 2022 2:18 PM (GMT+9)",ㅋㅋㅋ다들 넘 귀여워요
"August 11, 2022 2:00 PM (GMT+9)",그냥 미쳤어요 전시가...너무 고생 많으셨습니다 너무 간지 그 자체 -윤서(윤친구)
"August 10, 2022 8:43 PM (GMT+9)",멋쟁이네요!~!~!!!!!!
"August 10, 2022 8:42 PM (GMT+9)",윤이짱~~~~!!!!!!
"August 10, 2022 8:42 PM (GMT+9)",올마이티의 자랑 [권윤]
"August 10, 2022 8:37 PM (GMT+9)",진짜 언니라고 부르고 싶은데 너무 멋있어서 다시 방명록 남기러 왔어 정말 둥지 체고다 세계로 뻗어가자
"August 10, 2022 8:19 PM (GMT+9)",피로그래밍의 자랑 홍보팀 최고!
"August 10, 2022 8:18 PM (GMT+9)",권윤 최고다 개멋있다
"August 10, 2022 7:51 PM (GMT+9)",둥지..멋져요!
"August 10, 2022 5:50 PM (GMT+9)",요즘 제가 하는 고민들을 아무렇지 않은 척 하지만 아무렇지 않은 게 아닌 것처럼 풀어낸 것 같아서 공감되면서 즐겁게 관람했습니다! 나중에 또 둥지라는 이름으로 새로운 전시를 볼 수 있으면 좋겠어요ㅎㅎ
"August 10, 2022 4:47 PM (GMT+9)","둥지 너무 멋있어요 계속 비가 미친듯이 와서 짜증이 있는대로 나있었는데 오늘와서 멋진 전시를 봐서 기분이 좋아졌답니다 한편으론 난 왜 이런 창의성이 없나 싶어서 슬프기도 하지만,, 껄껄 둥지짱 너무 멋있댜,, 나봉짱!!!! - 유쥐니"
"August 10, 2022 4:44 PM (GMT+9)",코딩과 동시에 디자인을 하시다니... 정말 멋있습니다
"August 10, 2022 4:44 PM (GMT+9)",더블에이화이팅!!
"August 10, 2022 4:44 PM (GMT+9)",최강철 둥지 전시 2번째 방문! 언니들 너무 멋져요....
"August 10, 2022 4:33 PM (GMT+9)",우리 나연이 보러왔어요 더블에이 화이팅ㅎㅎㅎ 전시회 너무 멋있고 자랑스럽고 행복하고 많은 생각을 들게 하는 것들.. 시간없는 데도 짬내서 이렇게 창작 활동하는게 너무 대단하고...나연아 너는 꼭 나중에 큰사람이 될거야 >< 앞으로도 더 화이팅@!!@!! -이희진 더블에이 칭구
"August 10, 2022 4:31 PM (GMT+9)","우리 나연이 전시회 보러왔어요 너무 멋있고 자랑스럽고 보면서 많은 생각을 들게 하는 전시회 였답니다 "
"August 10, 2022 3:53 PM (GMT+9)",짱둥지 멋잇다.. 채영 파이팅 ><
"August 10, 2022 3:52 PM (GMT+9)",우🥹와 너무 멋있어요 어떻게 이런 걸 만들 수 있죠.. 감동..
"August 10, 2022 3:04 PM (GMT+9)",우주 최강 디자이너들이 모인 둥지 항상 응원하고 있습니다. 세계를 디자인으로 정복하는 그날까지 화이팅 _채령
"August 10, 2022 3:03 PM (GMT+9)",둥지퐈이팅혜리가 ㅎㅎㅎ
"August 10, 2022 3:00 PM (GMT+9)","율리쌤 완전 완전 멋져요 저 진짜 입시때부터 오랫동안 쌤 덕질하고있는거알죠? 아 근데 사아아아아아아아실 덕질을 떠나서 둥지 인스타 계정도 가끔 염탐하면서 감탄하고있었어서 오고싶었어요 ㅎㅎㅎㅎㅎㅎㅎㅎㅎㅎㅎㅎㅎㅎㅎㅎㅎㅎㅎㅎㅎㅎ 율리쌤도 멋지지만 다른분들도 너무 멋지세요!!! 완전 피땀눈물 가득한,,,,전시,,,ㅠㅠㅠㅠㅠ진짜ㅓ 갓생사는 분들 ㅠㅠㅠㅠㅠㅠㅠㅠㅠ고생 너무 많으셨어요 또 전시하시면 보러 오겠습니다!!!!!"
"August 10, 2022 2:45 PM (GMT+9)","너무 멋있어요!!! 강민서 이민서 이시언 "
"August 10, 2022 1:58 PM (GMT+9)",둥지는 볼 때마다 진짜 대박입니다..이 천재들ㅠㅠㅠㅠㅠ!!!!!\
"August 10, 2022 1:57 PM (GMT+9)",진짜 천재 디자이너들의 모임이에요 짱 !!!!!!! 둥랑해
"August 10, 2022 1:25 PM (GMT+9)",둥지 응원해~~~~
"August 10, 2022 1:25 PM (GMT+9)",나 이 키보드 사고 싶었는뎅
"August 10, 2022 1:16 PM (GMT+9)",둥지둥지두두둥지둥지둥지두두둥지두두두두둥지
"August 9, 2022 7:30 PM (GMT+9)",와우! 최고의 디자이너 모임 둥지! 당신들은 디자인의 신입니까? 나의 공중제비를 멈추게 하십시오!!
"August 9, 2022 5:02 PM (GMT+9)","너무 멋져요 일단 펀딩해주세요 저 쿠팡 다녀올게요 "
"August 9, 2022 4:58 PM (GMT+9)",둥둥둥둥둥둥둥둥!!!!
"August 9, 2022 1:33 PM (GMT+9)",윤짱윤짱체고
"August 9, 2022 1:33 PM (GMT+9)",영감받고 갑니다 멋있어요
"August 9, 2022 1:32 PM (GMT+9)",ㅓㅇ라어라어ㅏ엉
"August 9, 2022 1:32 PM (GMT+9)",권윤짱
"August 9, 2022 1:32 PM (GMT+9)",권윤짱
"August 9, 2022 1:31 PM (GMT+9)",둥지들과 나중에 콜라보할 수 있으면 좋겠다아아아아-이송민-
"August 9, 2022 1:31 PM (GMT+9)",너무 멋있는걸
"August 9, 2022 1:30 PM (GMT+9)",진짜로 배우고싶어요
"August 9, 2022 1:30 PM (GMT+9)",둥지들 너무 멋있다~~~~~~~~~~~
"August 9, 2022 1:30 PM (GMT+9)",출근 완료
"August 9, 2022 1:15 PM (GMT+9)",윤아 내가 널 위해 경기도에서 한시간 반 거리를 비를 뚤ㄹㅎㅎㅇ고 달려왔어 그만큼 내가 널 아낀다는 이야기야(생색 존나 내기 ㅎㅎㅎ) 전시 너무 간지난다 개멋있다ㅑㅏ 우리 같은 별내사는데 데 왜 한 번 도 본 적이 없니 영국 잘 다녀와 유목민 윤아.......
"August 8, 2022 3:56 PM (GMT+9)",너무 멋있습니다!!! 둥지 화이팅 -두루미-
"August 8, 2022 3:55 PM (GMT+9)",너무 멋있으세요!! 둥지의 팬이 되었어요 ..!
"August 8, 2022 3:46 PM (GMT+9)","너무 .. 잘해요....................잘해서 짜증나요 "
"August 8, 2022 3:43 PM (GMT+9)","아직 감자인 저에게 너모나도 재밌고 흥미로운 전시 였숩니다.. 저도꼬옥 멋진 감자가 될 것임..... 많이 자극받구, 많이 배워갑니다~!!!~!~!!!"
"August 8, 2022 3:41 PM (GMT+9)",둥지 너무 멋있어요!! 잘보고 갑니당
"August 8, 2022 1:18 PM (GMT+9)",ganzinayo
"August 8, 2022 1:08 PM (GMT+9)",wleo ajtwudy
"July 31, 2022 6:26 PM (GMT+9)",사이트 코딩.. 힘들었을 것이라 생각해요..! 팟팅!! (응원 중!!)
"July 29, 2022 9:32 PM (GMT+9)",난 둥지 이율리. 권윤 힘내라
"July 15, 2022 12:21 PM (GMT+9)",나 명예둥지. 오늘도 들름.
"July 3, 2022 10:10 PM (GMT+9)",둥지 너무 멋있어요!!!!!!
"July 3, 2022 5:20 PM (GMT+9)",미쳣어요
"July 3, 2022 3:26 PM (GMT+9)",우와
"July 3, 2022 3:00 PM (GMT+9)",위에 두개 김규리꺼임
"July 3, 2022 3:00 PM (GMT+9)",권윤 내꺼
"July 3, 2022 2:59 PM (GMT+9)",권윤 기여워
"July 3, 2022 2:51 PM (GMT+9)",둥지화이팅 🪺
"June 9, 2022 12:15 AM (GMT+9)","멋있어요!!! "
"June 5, 2022 9:20 PM (GMT+9)",Wow
"June 3, 2022 6:11 PM (GMT+9)",신기해요!
"May 18, 2022 1:42 PM (GMT+9)",우와
"May 18, 2022 10:55 AM (GMT+9)",너무 멋져요!💛
"May 18, 2022 9:22 AM (GMT+9)",우와
"May 17, 2022 11:01 PM (GMT+9)",멋지다 둥지
"May 9, 2022 8:57 PM (GMT+9)","^^ 아주 훌륭합니다! "
"May 8, 2022 10:49 PM (GMT+9)",둥지 짱
"April 21, 2022 10:05 PM (GMT+9)",스토리 타고 왔는데 대박박 뭔가 센스 넘치는 감각있는 사이트
"April 13, 2022 4:24 PM (GMT+9)",나아는 ... 권윤의 친구 김나연 - 산디 대장이죠
"April 12, 2022 12:22 AM (GMT+9)",너무 멋있어요 항상 멀리서 조용히 응원합니다 화이팅
"April 10, 2022 12:08 PM (GMT+9)",멋져요 다음에는 꼭 전시 실물로 보러갈게요 -이채영
"April 10, 2022 10:38 AM (GMT+9)",감사합니다!!!!!!!!!!!!!!!!!!!!!!!!!
"April 10, 2022 10:34 AM (GMT+9)",감사합니다!!!!!
"April 9, 2022 7:06 PM (GMT+9)","위에 이수영임 (누에 36기짱~, 하지만 초연도 짱~, 근데 우리 제발 일말고 그냥 놀아보자)"
"April 9, 2022 7:05 PM (GMT+9)","우와..... 역시 이채영다운 전시... 일단 키보드부터 레전드 좋네요....... (이런.. 이채영꺼인줄알았는데...) 윤님 영국 열심히 잘 가셔요......채영아 이렇게 멋있는 전시 너무너무 늦어서 미안해 진짜 너에게 하고픈말이 많은데... 나는 살면서 꼭 성공할거라고 생각하느 ㄴ(성공=//=전형적의미의 성공, 너가 바라는대로 된다는거지.....) 사람 중 한명이야. 다시 한 번 늦어서 너무 미안하고 이렇게 멋있는 전시.... 보여줘서 고마워. 둥지 앞으로도 응원하겠습니다 (!!!!)"
"April 9, 2022 6:57 PM (GMT+9)",최눙지6
"April 9, 2022 6:57 PM (GMT+9)",최옥림5
"April 9, 2022 6:57 PM (GMT+9)",최초딩4
"April 9, 2022 6:57 PM (GMT+9)",최쌍딩3
"April 9, 2022 6:57 PM (GMT+9)",최민초2
"April 9, 2022 6:57 PM (GMT+9)",최예림1
"April 9, 2022 6:57 PM (GMT+9)",은
"April 9, 2022 6:57 PM (GMT+9)",나랑 결혼할 사람
"April 9, 2022 6:57 PM (GMT+9)",아 물론 너 말고도 많긴 해?
"April 9, 2022 6:56 PM (GMT+9)",사랑ㅁ훼
"April 9, 2022 6:56 PM (GMT+9)",예림아 나랑 겨론해주;ㅓ
"April 9, 2022 6:56 PM (GMT+9)",end game chaego
"April 9, 2022 6:55 PM (GMT+9)",그리고 오프화이트 조던 콜라보도 사와
"April 9, 2022 6:55 PM (GMT+9)",와ㅏㅏㅏㅏㅏㅏㅏㅏㅏㅏㅏㅏㅏㅏㅏㅏㅏㅏㅏㅏㅏㅏㅏㅏㅏㅏㅏㅏㅏㅏㅏㅏㅏㅏㅏㅏㅏㅏ
"April 9, 2022 6:55 PM (GMT+9)",마아아아아아ㅏㅇㄴㄴㄴㄴㄴ니 ㅆ사사사ㅏㅏ
"April 9, 2022 6:55 PM (GMT+9)",마ㅏㅏㅏㅏㅏㅅㅇㅇㅇㅇㅇ있ㅆㅆㅆㅆㅆㅆㅆ느ㅡ느느느ㅡㄴㄴ거
"April 9, 2022 6:55 PM (GMT+9)",미ㅣㅣㅣ미미미미미미미ㅣ구ㅜㅜㅜㅜㅜㅜㅜㅜㅜㄱ엣ㅆㅆㅆㅆㅆ써ㅓㅓㅓㅓㅓㅓㅓ
"April 9, 2022 6:54 PM (GMT+9)",예에에에에에에에에엥에에에엘ㄹ릴ㄹㄹㄹㄹㄹㄹㄹㄹ리ㅣㅣㅣㅣㅁㅁㅁㅁㅁㅁㅁㅁㅁ아ㅏㅏㅏㅏ
"April 9, 2022 6:54 PM (GMT+9)",엄청 귀여7운 강아지도 있어
"April 9, 2022 6:54 PM (GMT+9)",싸앙앙쌍ㅇㅇ싸사사사았쌍쌍ㅇㄴ아앙ㄸ디ㅣ이읻ㅇㄷㅇ디디디딛ㅇ딩딩띵딩딩ㅇ잉디이이ㅣ이이이잉이이이이이이이이이이이
"April 9, 2022 6:53 PM (GMT+9)",ㄴㄴㄴ내내낸ㄴ낸내ㅐ내내낸낸
"April 9, 2022 6:53 PM (GMT+9)",ㅁㅁ무누누누무네네넨ㄴ네ㅔ네네네ㅔㅔㅔ넺ㅉ쭈ㅜ주ㅜㅜ주주ㅜㅜㅜ주ㅜ주ㅜ누누준
"April 9, 2022 6:52 PM (GMT+9)",우리는 2호선이 기대가 된다
"April 9, 2022 6:41 PM (GMT+9)",사회과교육과 김지굥 갱유딘 왔다감
"April 9, 2022 6:40 PM (GMT+9)",둥지 화이팅 ><\
"April 9, 2022 6:35 PM (GMT+9)",귀엽다
"April 9, 2022 6:33 PM (GMT+9)",넘모 재밌어요 잘 보고 감니다 ㅎㅎㅎ
"April 9, 2022 6:06 PM (GMT+9)",즐 이라고 써잇는 오브제가 너무 멋있어요 판매해서 팔아도 정말 큰 인기를 끌 것 같은 .. (일단 저는 사겠습니다)
"April 9, 2022 5:47 PM (GMT+9)",효서 은수 민지ㅣㅣ
"April 9, 2022 5:46 PM (GMT+9)",이수도
"April 9, 2022 5:46 PM (GMT+9)","효서 은수 밍디 "
"April 9, 2022 5:24 PM (GMT+9)","둥사이드 프로젝트를 성공적으로 세상에 내보인 윤아 너무 축하해 항상 인스타로 둥지생활 재미있게 보고 있엉 오늘 학교에서 못봐서 아쉽지만,, 언젠간 학교에서 만날 수 있겠지?! 그리구  다른 둥지 여러분들 항상 너무 멋진 작업들 열심히 구경 중이랍니당 앞으로도 신선하고 재미있고 엄청나게 뒤집어지는 일상들 많이 보여주세용~!~! 멋져 장해 대박이야 - 수연언니.."
"April 9, 2022 5:16 PM (GMT+9)",율리율리머쨍이율리 ㅣ전시축하해~! -슬기-
"April 9, 2022 5:16 PM (GMT+9)",최서연 왔다감~ 율리언니 최고~~~
"April 9, 2022 5:14 PM (GMT+9)",율리 나연 최고
"April 9, 2022 5:14 PM (GMT+9)",녹녹
"April 9, 2022 5:14 PM (GMT+9)",짱
"April 9, 2022 5:13 PM (GMT+9)",잘 보고 갑니다~@!/!?(!(: _ 예주 윤성 슬기누나 서연 김현수
"April 9, 2022 5:14 PM (GMT+9)",대박
"April 9, 2022 5:13 PM (GMT+9)",율리 최고~~~
"April 9, 2022 5:00 PM (GMT+9)",청춘 같아서 너무 좋습니다~ 모든 작품들이 신선하고 재밌어요!
"April 9, 2022 4:57 PM (GMT+9)",멎져요   고생 많으셨을텐데  근사해요  홧팅!!!\
"April 9, 2022 5:02 PM (GMT+9)",이소이 임세현 왔다감
"April 9, 2022 5:01 PM (GMT+9)",디학짱
"April 9, 2022 5:01 PM (GMT+9)",하이
"April 9, 2022 4:52 PM (GMT+9)",안뇽!!! 둥지 칭구들아 너넨 너무 성실히 살고 넘 멋져 ㅎㅎㅎㅎ 본받아야겠오 ㅎㅎㅎ - 민주 -
"April 9, 2022 4:49 PM (GMT+9)",키보드 좋다
"April 9, 2022 4:57 PM (GMT+9)",안녕하세요
"April 9, 2022 4:49 PM (GMT+9)",이대전시짱
"April 9, 2022 4:49 PM (GMT+9)",지둥지둥지둥지둥
"April 9, 2022 4:49 PM (GMT+9)",둥지둥지둥지둥지둥지
"April 9, 2022 4:48 PM (GMT+9)",ㅓㅗㅓㅓㅗㅓㅗ
"April 9, 2022 4:48 PM (GMT+9)",ㅓㅗㅓㅓㅗㅓㅗ
"April 9, 2022 4:34 PM (GMT+9)",From. 안드로메다에서 디자인을 공부하고 있는 외계인
"April 9, 2022 4:33 PM (GMT+9)",둥지야 수고했어 너네는 정말 최고야... 지금부터 대한민국을 넘어... 우주의 디자인을 이끌어갈... 멋쟁이들
"April 9, 2022 4:30 PM (GMT+9)","     신돈주"
"April 9, 2022 4:16 PM (GMT+9)",이대 전시 권윤 파이칭!!!!!!!!
"April 9, 2022 4:13 PM (GMT+9)",재밌게 잘 봤습니다~~
"April 9, 2022 4:08 PM (GMT+9)",정세원 왔다감..!
"April 9, 2022 3:54 PM (GMT+9)",뿡
"April 9, 2022 3:49 PM (GMT+9)",돼끼
"April 9, 2022 4:07 PM (GMT+9)",멋진 전시 잘 보고 갑니다 !
"April 9, 2022 3:49 PM (GMT+9)",휘재님 예림님 핑끼 왔다감
"April 9, 2022 3:29 PM (GMT+9)",채영벗 너무 멋져요!!!!!!!! 진짜 넘 귀엽고 멋진 둥지.. 짱입니다~
"April 9, 2022 3:42 PM (GMT+9)",안녕하쌉사리와요 저는 누에의 33기 가ㅣㅇ나연입니다. 둥지의 전시 ㄴ ㅓ무나도 잘 보고 깁니다. 화이팅!! 우리모두 열심히 살앟갑신다. 오타가 나지만 이것또한 감성이지요 그럼저는 이만 가보겠스빈다!. 안녕!
"April 9, 2022 3:35 PM (GMT+9)","윤아 넌 진짜 최고야 최고의 디자이너야 넌 정말 최고야 최고야 최고 야 최      고 야 ! "
"April 9, 2022 3:36 PM (GMT+9)","윤아 진짜 최고야 넌 멋있어 .... .. ... . .  . "
"April 9, 2022 3:28 PM (GMT+9)",ㄹㄹㄹㄹㄹㄹㄹㄹ
"April 9, 2022 3:27 PM (GMT+9)",ㅏㅏㅏㅏ
"April 9, 2022 3:28 PM (GMT+9)",키보드 너무 마음에 들어 내꺼
"April 9, 2022 3:27 PM (GMT+9)",류현서 손지민 최예림 짱
"April 9, 2022 3:26 PM (GMT+9)",둥지의 키보드 정보는 둥지 인스타그램에 곧 올라갈 예정입니다 ! 기대 만땅 부탁드려요 ~^^
"April 9, 2022 3:22 PM (GMT+9)",디자인 최고에욧 ㅠㅜㅠㅠㅠ 근데 키보드 정보좀 알려주실 수 있을까여 키감 최고네요 어쨌든 이대 최고.... 짜릿하다... 이런 전시를 볼 수 있음에 감사 ㅠㅠㅠㅠㅠㅠㅠ 최고치ㅑ고!!!!!!!!!!!!!!!!
"April 9, 2022 3:12 PM (GMT+9)",우와아아아 너무 귀엽고 멋있어요 ㅠㅠㅠㅠㅠㅠㅠ 최고최고 우리나라 최고의 디자이너..
"April 9, 2022 3:21 PM (GMT+9)",너무 잘 봤어요 이대 학생들 짱~~~~!!!!!!!!!!!!!!!!!!!!!!!!!
"April 9, 2022 3:23 PM (GMT+9)",내 내 둥지가 되어주라..
"April 9, 2022 3:21 PM (GMT+9)",둥지 멋져요!!!!!! 둥지 항상 응원할게요!!! 내 집이 돼주라 둥지가 돼주라
"April 9, 2022 2:56 PM (GMT+9)",the love
"April 9, 2022 3:07 PM (GMT+9)",벚꽃놀이가자~~~~
"April 9, 2022 3:07 PM (GMT+9)",중간고사 잘보고 여친사귀자
"April 9, 2022 2:55 PM (GMT+9)",보노보노 드럽
"April 9, 2022 2:43 PM (GMT+9)","지아님~ ㅎㅎ 넘 고생많았어요~~ 작품도 넘 좋구 짱이에여~~ 화팅화팅 ㅎㅎ 정말 좋은 애니메이터가 될 거 같아용~~ "
"April 9, 2022 2:41 PM (GMT+9)",안녕
"April 9, 2022 2:48 PM (GMT+9)",허이~~ 홧팅
"April 9, 2022 2:55 PM (GMT+9)",지송 더럽
"April 9, 2022 2:32 PM (GMT+9)",룸메 왓다감 나여니 짱멋시따 .... 룸메 친구도 왔다가욧 너무 멋져용가리
"April 9, 2022 2:24 PM (GMT+9)",멋나다
"April 9, 2022 2:31 PM (GMT+9)",안녕
"April 9, 2022 2:22 PM (GMT+9)",최유진 다녀감ㅎㅎ
"April 9, 2022 2:24 PM (GMT+9)",최고오오오오오오오오오오오오오오오오오
"April 9, 2022 2:29 PM (GMT+9)",조선진 박지현 최장현 왔다감
"April 9, 2022 2:20 PM (GMT+9)",숭언 법규 가온 지연 왔다 감 근데 작품 개 잘 만들었음!!!! 공짜 전시회 감사용
"April 9, 2022 2:07 PM (GMT+9)",정말 좋네요
"April 9, 2022 2:07 PM (GMT+9)",너무멋있어요!!!!!!!!!!!!!!
"April 9, 2022 2:08 PM (GMT+9)",이 위의 네 메시지는 중학생 친구들이 남긴 것입니다...귀엽죠?
"April 9, 2022 2:10 PM (GMT+9)",우오ㅓㅏㅇ
"April 9, 2022 1:52 PM (GMT+9)",재밋게 보고가요
"April 9, 2022 2:07 PM (GMT+9)",개머싯다ㅏ!!!
"April 9, 2022 2:06 PM (GMT+9)",머시따!!!!!!!!!!!
"April 9, 2022 2:03 PM (GMT+9)","이대 디학.... 압도당해버렷다. .. .. . . . .. . . "
"April 9, 2022 1:51 PM (GMT+9)",오오오오
"April 9, 2022 1:42 PM (GMT+9)",백유빈 왔다감!!
"April 9, 2022 2:03 PM (GMT+9)",너무 멋있어요! 좋은 경험이 되었습니다! 저도 꼭 멋있는 디자이너가 될게요 ㅎ.ㅎ!
"April 9, 2022 1:28 PM (GMT+9)",캬~
"April 9, 2022 1:24 PM (GMT+9)","간지 쩐다       "
"April 9, 2022 1:23 PM (GMT+9)",전시를 축하합니다 캬~ 오졌다~
"April 9, 2022 1:24 PM (GMT+9)",kia......
"April 9, 2022 1:24 PM (GMT+9)",최고였습니다 키보드도 너무 좋네요
"April 9, 2022 1:07 PM (GMT+9)",전시 너무 멋져요><
"April 9, 2022 1:18 PM (GMT+9)",이야
"April 9, 2022 12:03 PM (GMT+9)","내 가장 오래된 친구 나연아 너가 이런 일을 하고 있다는 게 정말 멋있다-! 우리 모두 멋진 갓-생을 살다가 이렇게 서로 축하해줄 일, 힘든 일들 다 챙기면서 오래오래 함께하자! 오랜만에 얼굴 봐서 정말 좋았고 전시도 정말 잘 봤어 (하트))"
"April 9, 2022 1:07 PM (GMT+9)",호허ㅗ허ㅗ허ㅗㅎ
"April 9, 2022 1:07 PM (GMT+9)",그만 움직여주세요
"April 9, 2022 12:22 PM (GMT+9)",멋져용~~~~
"April 9, 2022 1:07 PM (GMT+9)",ㅋㅋㅋㅋㅋㅋㅋㅋㅋㅋㅋㅋㅋㅋㅋ
"April 8, 2022 7:10 PM (GMT+9)",민채 전시  짱
"April 9, 2022 11:56 AM (GMT+9)",우와.........너무 신기한....잘보고갑니당
"April 8, 2022 7:08 PM (GMT+9)",멋진친구가되어주셔서감사합니다라고쓴사람입니다 멋진사람인데저와친구해주셔서감사하다는말이었습니다 문장에모순이있어정정합니다 로맨틱한말들을많이들려드릴게요 예를들어이채영짱~~~~
"April 8, 2022 7:10 PM (GMT+9)",짱머싯다 예나지우 왓다감 밍채왃샂 홧팅!
"April 8, 2022 7:03 PM (GMT+9)",채영이.a.k.a.oheunyoungbaksanim so ganzi
"April 8, 2022 7:02 PM (GMT+9)",쪽글너무재밌어요
"April 8, 2022 7:02 PM (GMT+9)",저도둥지가되고싶어요
"April 8, 2022 7:03 PM (GMT+9)",너무 예뻐요
"April 8, 2022 7:00 PM (GMT+9)",이채영양저는배유빈이아닙니다imnotkoreanliteratureriloveyou~~~
"April 8, 2022 6:57 PM (GMT+9)",재원 유림이 순서대로 남김(위에)
"April 8, 2022 6:56 PM (GMT+9)",채영아 ~~~~ 나야 ~~~ 넌 머싯고 또 머싯어...
"April 8, 2022 6:56 PM (GMT+9)",채영아~ 둥지 너무 재밌다~
"April 8, 2022 6:49 PM (GMT+9)",최고의 전시... 경진이 따라 왔다가 감동 받고 가요 흑흑!
"April 8, 2022 6:57 PM (GMT+9)",ppak da~~ su go man at eo
"April 8, 2022 7:02 PM (GMT+9)",둥지넘멋져요
"April 8, 2022 6:47 PM (GMT+9)",이채영양...또 한 건 했군요 순간을 포착하고 포용할 수 있는 당신이 멋있습니다 아무 말 하는 것 같지만 신중합니다 엔터를 잘못 누르지 않기 위해 애쓰고 있기 때문입니다 멋진 친구가 되어주셔서 감사합니다 제 진짜 이름을 들려드리겠습니다 제 이름은 배
"April 8, 2022 6:44 PM (GMT+9)",아니 이거 왜 치다가 올라감
"April 8, 2022 6:44 PM (GMT+9)",이채영양...또 한 건 해ㅆ
"April 8, 2022 6:36 PM (GMT+9)",우리 윤이가.어느세 다 자라서.코딩도.할줄알게 되엇구나.장하다...
"April 8, 2022 6:35 PM (GMT+9)",애용이도
"April 8, 2022 6:44 PM (GMT+9)",이채영양...또 한 건 해
"April 8, 2022 6:39 PM (GMT+9)",안녕
"April 8, 2022 6:35 PM (GMT+9)",애용이도
"April 8, 2022 6:35 PM (GMT+9)",갱 디우 밍디
"April 8, 2022 6:07 PM (GMT+9)",건행이 웨트헤어
"April 8, 2022 6:07 PM (GMT+9)",주이 첫사랑
"April 8, 2022 6:06 PM (GMT+9)",패피들 접수하고 감.
"April 8, 2022 6:06 PM (GMT+9)",옹기종기 오지지지
"April 8, 2022 6:00 PM (GMT+9)",초과됨
"April 8, 2022 6:06 PM (GMT+9)",윤도현 ㄹㅈㄷ 지각
"April 8, 2022 6:06 PM (GMT+9)",지연이 핑크공주
"April 8, 2022 4:03 PM (GMT+9)",류서현 김희준 조수빈 왔다감💖
"April 8, 2022 5:38 PM (GMT+9)",연재 은채 동혀니 고마웡 ㅎㅎㅎㅎ
"April 8, 2022 4:04 PM (GMT+9)",하이
"April 8, 2022 4:05 PM (GMT+9)",류류서서현조조수수빈김김희희준 왔다감!!!!!!
"April 8, 2022 3:55 PM (GMT+9)",19  보거니 왔다 갑니다아앙 넘 멋져요!!
"April 8, 2022 3:56 PM (GMT+9)",서채한입니다 조예대 1호팬임
"April 8, 2022 3:56 PM (GMT+9)",지애링입니다아 채한이 따라왓서여
"April 8, 2022 3:53 PM (GMT+9)",ㅆ
"April 8, 2022 3:53 PM (GMT+9)",우왕
"April 8, 2022 3:53 PM (GMT+9)",머시
"April 8, 2022 3:53 PM (GMT+9)",멋멋있있다다
"April 8, 2022 3:53 PM (GMT+9)",이이야야
"April 8, 2022 3:51 PM (GMT+9)",우아 싱기하다
"April 8, 2022 3:51 PM (GMT+9)","우아아아아아아악 "
"April 8, 2022 3:53 PM (GMT+9)",티티야만들어줘
"April 8, 2022 3:49 PM (GMT+9)",자기손으로 작업실 조감도 개멋있당!! 디자인과 간지 오지게 느끼고 갑니다!!
"April 8, 2022 3:36 PM (GMT+9)",우우와와??
"April 8, 2022 2:44 PM (GMT+9)",잘보고 갑니다...^^*
"April 8, 2022 2:44 PM (GMT+9)",둥지 친구들 화이팅!!!
"April 8, 2022 2:53 PM (GMT+9)",ㄴㄴㄴㄴㄴ
"April 8, 2022 3:18 PM (GMT+9)",축하드려요!
"April 8, 2022 2:34 PM (GMT+9)",우우우웅ㅇㅇ우오ㅓㅏㅘㅘㅘㅘㅗ
"April 8, 2022 2:33 PM (GMT+9)",이대 클라쓰... 전시 퀄리티 미쳤다... 너무 잘보고 갑니다 >><<
"April 8, 2022 2:14 PM (GMT+9)",오늘은 날씨가 참 좋네요 ^^.. - 숙지명은
"April 8, 2022 2:24 PM (GMT+9)",ㅓㅏㅏㅓㅏㅣㅏㅏㅏ
"April 8, 2022 2:25 PM (GMT+9)",잘잘보보구구갑갑니니다다
"April 8, 2022 2:13 PM (GMT+9)",- 숙명 미대의 자랑 J.E... 다녀감
"April 8, 2022 2:11 PM (GMT+9)",오늘은 날씨가 참 좋다
"April 8, 2022 2:13 PM (GMT+9)",삐앿
"April 8, 2022 2:10 PM (GMT+9)",멋멋져져요요
"April 8, 2022 1:44 PM (GMT+9)",아아기기부부회회장장
"April 8, 2022 1:44 PM (GMT+9)",회회장장님  여여기 아기부회장 있어요!!
"April 8, 2022 2:10 PM (GMT+9)",응원해요 축하해요
"April 8, 2022 1:44 PM (GMT+9)",아아기기푸푸로로미미
"April 8, 2022 1:58 PM (GMT+9)",채은민서시우왓다감디학짱최고!!
"April 8, 2022 1:42 PM (GMT+9)",둥지냉면
"April 8, 2022 1:41 PM (GMT+9)",애애이이니  쉿쉿
"April 8, 2022 1:41 PM (GMT+9)",암암온온더더넥넥스스트트레레벨벨
"April 8, 2022 1:41 PM (GMT+9)",하하튜튜하하튜튜
"April 8, 2022 1:41 PM (GMT+9)",왜  나나만  자자꾸  두두번번쳐쳐지지냐ㅠ
"April 8, 2022 1:07 PM (GMT+9)",둥둥지지ㅐㅐ
"April 8, 2022 1:14 PM (GMT+9)",여러분의 성실함에 박수를~~
"April 8, 2022 1:39 PM (GMT+9)",안녕하세요 저는 둥지에서 개그를 담당하고 있습니다. 전시 해설이 필요하시다면 둥지 주변을 수상하게 돌아다니는 사람들에게 눈빛을 보내보셔요 와주셔서 감사합니둥 ~
"April 8, 2022 1:24 PM (GMT+9)",ㅎㅎㅎㅎ
"April 8, 2022 1:03 PM (GMT+9)",love u 둥지
"April 8, 2022 12:46 PM (GMT+9)",나나나나나나
"April 8, 2022 1:02 PM (GMT+9)",successsss\
"April 8, 2022 12:48 PM (GMT+9)",멋있어요오옫옹
"April 8, 2022 1:06 PM (GMT+9)",ㅑㅑㅓㅓㅓㅓ
"April 8, 2022 1:05 PM (GMT+9)",나나연연아  도도서서관관설설계  화화이팅 죽지말고 나랑 건환시 마무리하자..^^
"April 8, 2022 12:35 PM (GMT+9)",둥둥지지는  정정말  최최고고다  너너네네정정말  멋멋져  영영감감가가득득얻얻고고가가요요
"April 8, 2022 12:36 PM (GMT+9)",전시 잘 보고 갑니당~~ 이화여대 짱! 둥지 짱!!
"April 8, 2022 12:38 PM (GMT+9)",둥지 멋져요
"April 8, 2022 12:46 PM (GMT+9)",송희언니랑 왔다감
"April 8, 2022 12:32 PM (GMT+9)",와  너너무  세세련련된 전시여요 잘봤습니다 멋져요오오오
"April 8, 2022 12:18 PM (GMT+9)",안녕하세요 저는 박상앙.... ㅜㅜㅜ 둥지 너무 최고된다~~ 킹받지 않는 킹 전시... 그리고 즐.. 너무 잘 한 레터링~~~~ 그리고 쪽글이랑 파브르도 재밋고 이웹사이트도 ㅊ ㅚ고된다~~~~~
"April 8, 2022 12:24 PM (GMT+9)",윤아.. 멋지다.... 둥지.. 멋지다... 권윤의 전시를 볼 수 있음에 감사하다. -송은-
"April 8, 2022 12:31 PM (GMT+9)",와 이거 방명록인줄 몰랐어욬ㅋㅋ너무멋있음 둥지 파이팅!!!!!-한솔
"April 8, 2022 12:19 PM (GMT+9)",이거  혹시 이거 타자연습인가요? 타격감이 너무 좋은데.. 빨리 써야 할 것 같기도 하고... 둥지 늘 인스타로만 챙겨봤었는데 전시로 보게되어 너무 영광이에요 둥지 최고 -열성팬 조혜민
"April 8, 2022 12:24 PM (GMT+9)",우우와  멋멋져져요    전전시시축축하하드드려려요요-원-
"April 8, 2022 12:20 PM (GMT+9)",인스타로 염탐하던 둥지 작품!!! 너무 퀄리티도 좋고 이걸 다 언제 했대ㅐㅐ.... 대단하다.. 장래가 유망한 디자이너들..... 본받고 갑니다..... 항상 응원해여ㅕ
"April 8, 2022 11:56 AM (GMT+9)",서서혜혜은은 왔다감
"April 8, 2022 11:59 AM (GMT+9)",ㅋㅋㅌㅌㅋㅋㅌㅌㅋㅋㅌㅌㅋㅋㅌㅌㅋㅋ
"April 8, 2022 11:56 AM (GMT+9)",채영이의 둥지는 참 따뜻하고 귀여븐 거 같아용 ₩ 둥지 최고 앙큼 귀염둥이들의 모임 >.<
"April 8, 2022 11:58 AM (GMT+9)",넘넘ㄴ  멋멋있있ㄲㄲ어어요요
"April 8, 2022 11:58 AM (GMT+9)","ㅠㅠㅜㅜㅠㅠㅠㅠㅠㅠㅜㅜㅠㅠㅜㅜㅠㅠㅜㅜㅠㅠㅜㅜㅠㅠㅜㅜㅠㅠㅜㅠㅜㅠ짱이야 정말,,,"
"April 8, 2022 11:47 AM (GMT+9)",너너무  멋멋져져요요요요용용~!!!!!!!!~!~!~!!!!!!!!!~!~!~!~!!
"April 8, 2022 10:54 AM (GMT+9)",하핳핳 수업듣4기싫당
"April 8, 2022 11:42 AM (GMT+9)",혜린님 멋져요 ...........
"April 8, 2022 11:24 AM (GMT+9)",안녕
"April 8, 2022 10:54 AM (GMT+9)",나연아 안녕 너 진짜 너무 멋있어 넌 정말 최고최고최고 -정서은미가
"April 8, 2022 11:41 AM (GMT+9)","조예대 존멋........ 너무 멋있어서 치이고 갑니다 ...... "
"April 8, 2022 10:55 AM (GMT+9)",안안녇녇ㅇ  안안녕녕!!
"April 7, 2022 6:45 PM (GMT+9)",코딩천재인가요? 자판 눌리는 느낌 좋아><
"April 8, 2022 10:27 AM (GMT+9)",ㅗ하ㅓ화
"April 8, 2022 10:53 AM (GMT+9)",안녕 나연아 넌 최고야 너무 멋이
"April 8, 2022 10:10 AM (GMT+9)",파이팅~~
"April 8, 2022 10:10 AM (GMT+9)",안녕하세요~~ 멋져요
"April 7, 2022 6:35 PM (GMT+9)",킹 오브 더 둥지 더 제너럴 갓
"April 7, 2022 6:42 PM (GMT+9)",윤 유일친구 쥬쥬 왔다감니다
"April 7, 2022 6:37 PM (GMT+9)",우와 멋진 둥지 친구들
"April 7, 2022 6:45 PM (GMT+9)",우왕 신기하당
"April 7, 2022 6:28 PM (GMT+9)",하이
"April 7, 2022 6:31 PM (GMT+9)",우와멋잇당~~~~~~~~~~~~~잘보고가여
"April 7, 2022 6:34 PM (GMT+9)",호ㅓㅓㅗ허허ㅗ허허ㅗ허ㅗ휴ㅓㅗ
"April 7, 2022 6:29 PM (GMT+9)",#################
"April 7, 2022 6:29 PM (GMT+9)",만자또 왔다감
"April 7, 2022 6:25 PM (GMT+9)",정말 멋집니다... 감동적인 전시군요 눈물 한줄기 흘리고갑니다
"April 7, 2022 6:22 PM (GMT+9)","대박짱!!!.'.... "
"April 7, 2022 6:24 PM (GMT+9)",완전 멋저요 융콘 승미 유정 다녀감 ㅎㅎ
"April 7, 2022 5:54 PM (GMT+9)",-가은-
"April 7, 2022 6:28 PM (GMT+9)",ㅎㅎㅎㅎㅎㅎㅎㅎ
"April 7, 2022 5:54 PM (GMT+9)",채영아 이거 왜케 움직이냐??ㅋㅋ 너 진ㄴ짜 대단하다 ^^ 헐 이거 키보드 어디꺼임? 지대 느낌 좋다.. 암튼 잘 보고 갈게^^ -04.07
"April 7, 2022 5:12 PM (GMT+9)","너무 멋있다 율리 짱 귿귿 나 누구게 ㅋㅋ 왓따갑니다~ "
"April 7, 2022 5:20 PM (GMT+9)",나연아 진짜 멋지다. 고생했어
"April 7, 2022 5:44 PM (GMT+9)",나연김은 휴지로 벌레를 잡지 못한다.
"April 7, 2022 5:36 PM (GMT+9)",가온이는 천재인가온?
"April 7, 2022 5:23 PM (GMT+9)",ㅕㅇㄹㅇㄹㅇㄹㅇㄹ
"April 7, 2022 4:58 PM (GMT+9)",율율율율율 멋있다!
"April 7, 2022 4:38 PM (GMT+9)","잡기 힘든 말풍선 말할 기회를 잡기도 힘든 현실 - 킹지구 + 서현 수연 지원 "
"April 7, 2022 5:11 PM (GMT+9)",아 이게 방명록같은 기능을 하는 거구나 더블에이 화이팅~~!!!!
"April 7, 2022 4:33 PM (GMT+9)",화이팅
"April 7, 2022 4:27 PM (GMT+9)",다녀감~~
"April 7, 2022 4:33 PM (GMT+9)",화화이이팅팅
"April 7, 2022 4:32 PM (GMT+9)",나도왔다감
"April 7, 2022 4:33 PM (GMT+9)",더블에이화이팅
"April 7, 2022 4:33 PM (GMT+9)",화화이이팅팅
"April 7, 2022 4:12 PM (GMT+9)",가온쓰하이-서수민
"April 7, 2022 3:46 PM (GMT+9)",여러분은 걍 짱이에요...멋있어요...
"April 7, 2022 4:26 PM (GMT+9)",남은주
"April 7, 2022 4:20 PM (GMT+9)",발전된 모습 보기 좋아요~!~!~!~!항상 응원합니다 둥지 화이팅!!^^
"April 7, 2022 4:26 PM (GMT+9)",이슈
"April 7, 2022 4:22 PM (GMT+9)",권윤의 데뷔 너무 축하해~~~  -영원한 권윤의 자랑 송민-
"April 7, 2022 3:43 PM (GMT+9)",너무무서워요여러분들의실력이
"April 7, 2022 3:39 PM (GMT+9)",안녕하세요 전시 잘 보고 갑니다 고생 많으셨어요 -리교-
"April 7, 2022 3:21 PM (GMT+9)",디학 1학년 후배 왔다갑니다...:)
"April 7, 2022 3:21 PM (GMT+9)",율리쌤 짱멋있어요 전시ㅜㅜ -지원
"April 7, 2022 2:56 PM (GMT+9)",신신기기해해
"April 7, 2022 2:56 PM (GMT+9)",잡기 어려워요ㅠ
"April 7, 2022 3:05 PM (GMT+9)",안녕
"April 7, 2022 2:42 PM (GMT+9)",희윤이랑 온 은수 전시
"April 7, 2022 2:42 PM (GMT+9)",희재 등장
"April 7, 2022 2:42 PM (GMT+9)",은수야 전시 축하해 - 흐이재
"April 7, 2022 2:39 PM (GMT+9)",힘냈군요
"April 7, 2022 2:18 PM (GMT+9)",채영아 잘 보고 가~~~~~~ -챈-
"April 7, 2022 2:26 PM (GMT+9)",너너무  멋멋져져용용용용용
"April 7, 2022 2:19 PM (GMT+9)",채영님 잘 보고 가요~.~ 둥지 너무너무너무너무 멋있어요(네 분이라서 네 번 씀) -채은 친구-
"April 7, 2022 2:25 PM (GMT+9)",게 관찰하고 존경하는 생명체야
"April 7, 2022 2:24 PM (GMT+9)",영아 너는 내가 제일 흥미롭
"April 7, 2022 2:26 PM (GMT+9)",좋은 전시 감사합니다!
"April 7, 2022 2:26 PM (GMT+9)",서서연연나나영영연연우우
"April 7, 2022 2:03 PM (GMT+9)",안안녕녕안안녕녕
"April 7, 2022 2:11 PM (GMT+9)","     ㄹㄹㅇㅇㄹㄹㅇㅇㄹㄹㄷㄷㄹㄹㄹㄹㅇㅇㄹㄹㅇㅇ"
"April 7, 2022 2:11 PM (GMT+9)",우우욯욯ㄹㄹㅎㅎㄹㄹㅎㅎㄹㄹㅎㅎ
"April 7, 2022 2:10 PM (GMT+9)",웅와ㅏㅏㅏㅏㅏㅏㅏ 완 전 멋있다ㅏㅏㅏㅏㅏㅏ
"April 7, 2022 2:03 PM (GMT+9)",아아아아아앙
"April 7, 2022 1:26 PM (GMT+9)",감자둥
"April 7, 2022 1:07 PM (GMT+9)",화이또ㅓㅇ
"April 7, 2022 1:05 PM (GMT+9)",통계학과 왔ㄷㄷ3ㅏ감~
"April 7, 2022 1:25 PM (GMT+9)",멋지둥
"April 7, 2022 1:05 PM (GMT+9)",ㅖ
"April 7, 2022 1:05 PM (GMT+9)",통ㄱ
"April 7, 2022 12:54 PM (GMT+9)",04.07 이가온 화이팅
"April 7, 2022 1:05 PM (GMT+9)",ㅇㅇ화아아아ㅑㅇ차아ㅏㅇ
"April 7, 2022 1:05 PM (GMT+9)",키보드 탑ㅁ나요~~~~~
"April 7, 2022 12:48 PM (GMT+9)",내내가  키보드 고침 후훗
"April 7, 2022 12:48 PM (GMT+9)",엥  자자꾸  두두개개가  쳐쳐져  으으악  이상해
"April 7, 2022 12:47 PM (GMT+9)",나 왔다감^^
"April 7, 2022 12:48 PM (GMT+9)",여기 키보드가 덜렁덜렁 별로다
"April 7, 2022 12:48 PM (GMT+9)",생생ㅇㅇ일일축축하하
"April 7, 2022 11:17 AM (GMT+9)",나나연  멋멋져져요요
"April 7, 2022 12:22 PM (GMT+9)",완전 멋있어요오
"April 7, 2022 12:13 PM (GMT+9)",ㅎㅁㅎ
"April 7, 2022 11:17 AM (GMT+9)",수진이 왔다감!!! 220407
"April 7, 2022 12:47 PM (GMT+9)",안녕 독수리타자 애이나
"April 7, 2022 10:55 AM (GMT+9)",우우후후후후훟훟
"April 7, 2022 10:55 AM (GMT+9)",유정 왔다감 컄컄
"April 7, 2022 10:55 AM (GMT+9)",방명록이 움직인다~~
"April 7, 2022 11:01 AM (GMT+9)",병아리 귀여워
"April 6, 2022 7:06 PM (GMT+9)",잘 보고 갑니다!~~~~~~ 호영원재윤지예지다현윤개미 (박서현ㅗ 친구들)
"April 6, 2022 7:05 PM (GMT+9)",안녕 여러분 나는 길음에 사는 최윤지야~~~~^%^
"April 6, 2022 7:01 PM (GMT+9)",주인공 생일 맞아 왔다감~~~~~~4/6~~
"April 6, 2022 7:01 PM (GMT+9)","민채야 생일축하해 4/6 -지혜, 영서, 수연 "
"April 6, 2022 6:28 PM (GMT+9)",친애하는 윤쌤...
"April 6, 2022 6:28 PM (GMT+9)",다녀갑니다
"April 6, 2022 6:21 PM (GMT+9)",안안녕녕하하시시요요
"April 6, 2022 6:27 PM (GMT+9)",안녕하십니까? 윤쌤? 말해뭐해 이대의 자체 뮤즈십니다? 둥지... 역사에 길이 남으시길 파이팅!!!
"April 6, 2022 6:21 PM (GMT+9)",화화이이팅팅~~
"April 6, 2022 6:09 PM (GMT+9)",안안녕녕
"April 6, 2022 6:26 PM (GMT+9)",안녕하세요 저는 선생님께 큰 배움을 얻고 간 제자 서진이에요!! 잘 보고 갑니다>0<
"April 6, 2022 6:28 PM (GMT+9)",민하
"April 6, 2022 5:59 PM (GMT+9)",멋져요
"April 6, 2022 5:31 PM (GMT+9)",박혜빈 왔다감  ㅎ
"April 6, 2022 5:59 PM (GMT+9)",우와
"April 6, 2022 5:32 PM (GMT+9)",똥마렵 ;
"April 6, 2022 6:09 PM (GMT+9)",안녕
"April 6, 2022 6:07 PM (GMT+9)",프로젝트 둥지야 모두 수고했따............ 이제 죽자
"April 6, 2022 5:12 PM (GMT+9)",선혜랑 두근두근 첫만남><
"April 6, 2022 5:12 PM (GMT+9)",근데 머먹지 ?
"April 6, 2022 5:31 PM (GMT+9)",안녕
"April 6, 2022 5:12 PM (GMT+9)",재은이언니랑 두근두근 첫만남!!!!!
"April 6, 2022 5:31 PM (GMT+9)",웅웅
"April 6, 2022 5:11 PM (GMT+9)","선혜랑 두근두근 첫만남>< "
"April 6, 2022 4:54 PM (GMT+9)",ㄴㄴㅇㄴㅇㅇㄴㅇㄴ'
"April 6, 2022 4:54 PM (GMT+9)",너무..멋있다..~!!!
"April 6, 2022 4:44 PM (GMT+9)",ㅓ
"April 6, 2022 4:44 PM (GMT+9)",헤헤헤헬ㅇ
"April 6, 2022 4:44 PM (GMT+9)",ㅓ
"April 6, 2022 4:44 PM (GMT+9)",ㅓ
"April 6, 2022 3:44 PM (GMT+9)",어 귀엽다
"April 6, 2022 3:43 PM (GMT+9)",실크스크린 멋져용 저도 성공하고 싶습니당
"April 6, 2022 3:44 PM (GMT+9)",저도 망한 실크스크린 대회 참가 할래요! 1등 할 자신이 있습니다!!!
"April 6, 2022 3:44 PM (GMT+9)"," 와아앙ㄴ앙낭ㄴ앙 슴슴이 봤ㅋ냐?"
"April 6, 2022 3:01 PM (GMT+9)",조예대는 천재모임인가요?
"April 6, 2022 1:43 PM (GMT+9)",멋져요~~
"April 6, 2022 2:00 PM (GMT+9)",?
"April 6, 2022 2:44 PM (GMT+9)",은수랑 효민이 하트
"April 6, 2022 3:00 PM (GMT+9)",hi i'm Jsick
"April 6, 2022 11:12 AM (GMT+9)",포착씨 멋져요~ 창의력 1도 없는데 맥박은 잘 재는 간호학과 학생이 다녀갑니다~
"April 6, 2022 1:25 PM (GMT+9)",ㅎㅎ홓ㅎ
"April 6, 2022 1:13 PM (GMT+9)",이뽄 충전
"April 6, 2022 1:13 PM (GMT+9)",이뽕충전
"April 6, 2022 11:56 AM (GMT+9)",ㄱㄹㄹㄹㄹㄹㄹ
"April 5, 2022 5:41 PM (GMT+9)",ㅎㅎㅎㅎ
"April 5, 2022 5:42 PM (GMT+9)",웅ㅅ우ㅗㅎ옿옿ㅇ
"April 5, 2022 7:04 PM (GMT+9)",둥지에게 소원을 ... 지치지 않게 해주세요 히히
"April 5, 2022 6:41 PM (GMT+9)",너무 멋있어요!
"April 5, 2022 5:17 PM (GMT+9)",안뇽
"April 5, 2022 5:07 PM (GMT+9)",신기방기뿡뿡방귀쿠쿠루삥뽕포켓몬빵ㅃ
"April 5, 2022 5:08 PM (GMT+9)",둥지귀여어요인스타로구경잘하고잇어요다들짱짱화이팅멋잇다굳
"April 5, 2022 5:12 PM (GMT+9)","둥 초 제발 텀블벅 열어주심 안되나요,,,? 친구랑 집팔아서 살게요 진짜 짱귀여워요,, 진짜로,, 젭알,,, 진짜루 ,, 둥..!!!!!!!!!!!"
"April 5, 2022 4:49 PM (GMT+9)",재밌당
"April 5, 2022 4:09 PM (GMT+9)",역시 이대 디학!!!!!!!!!!
"April 5, 2022 3:50 PM (GMT+9)",벗들 너무 멋있고 짱이에요~
"April 5, 2022 4:12 PM (GMT+9)",선생님들 너무 멋있어요!! 진짜 아지트 따로 있으실 것 같은 갬성...
"April 5, 2022 4:11 PM (GMT+9)",둥지 감성 너무 좋아요!! 너무 재미있는 쪽글 다 읽어버림 ㅋ
"April 5, 2022 4:08 PM (GMT+9)",이율리
"April 5, 2022 4:03 PM (GMT+9)",너무멋지다!@@!!!!!!!!!!!!!!!!!!!!!!!!!!!!!!!!!!!!! !!!!!!!!!!!!!!!!!!!!!!!!!!!!!!!!!!!!!!!!!
"April 5, 2022 5:07 PM (GMT+9)","우왕 귀여워요,,,,s2"
"April 5, 2022 4:08 PM (GMT+9)",너무 멋져!!
"April 5, 2022 1:50 PM (GMT+9)",둥지 최고!!! 같이 전시해줘서 감사합니다 야호
"April 5, 2022 2:22 PM (GMT+9)",안녕하세요~~~
"April 5, 2022 1:52 PM (GMT+9)",ㅎㅎㅎㅎㅎㅎ
"April 5, 2022 3:50 PM (GMT+9)",아크릴 느낌 넘 좋아요ㅠ!!
"April 5, 2022 1:52 PM (GMT+9)",이대 짱멋지다..........
"April 5, 2022 2:23 PM (GMT+9)",역시 이뽕찬다~~~
"April 5, 2022 1:47 PM (GMT+9)",우아 너무 신기해요 !!! 최;고예요요ㅕㅕ
"April 5, 2022 3:10 PM (GMT+9)",안녕
"April 5, 2022 2:22 PM (GMT+9)",조조소소과과~~~
"April 4, 2022 11:29 PM (GMT+9)",말랑카우
"April 4, 2022 8:45 PM (GMT+9)",안녕하세요 저는 둥지의 맥시멀리스트 이채영이에요 설레지 않는 물건은 없답니다 ^^
"April 4, 2022 11:29 PM (GMT+9)",최고의 디자이너 권윤 전시 축하추카합니다
"April 5, 2022 12:23 PM (GMT+9)",호ㅏ이팅
"April 5, 2022 1:41 PM (GMT+9)",둥지 넘 멋져 전시 홧팅
"April 5, 2022 12:23 PM (GMT+9)",와  신신기기하하다~~~
"April 4, 2022 11:29 PM (GMT+9)",박예준
"April 4, 2022 11:30 PM (GMT+9)",권윤짱짱금손 .......... 도와줘코딩의 황금 디자이너
"April 4, 2022 4:37 PM (GMT+9)",안녕하세요 저는 둥지의 메뉴 셀렉팅을 보조하고 있는 율~
"April 4, 2022 7:03 PM (GMT+9)",작업 하나하나 다 멋져요.. 둥지 응원합니다
"April 4, 2022 4:35 PM (GMT+9)","안녕 둥지 나는 철새, 조만간 찾아갈게, 사랑해 쪽!"
"April 4, 2022 4:39 PM (GMT+9)",안녕하세요 저는 둥지의 정원사를 맡고 있는 영~ 날이 풀려서 다시 정원 가꾸기를 개시하려고 합니다 병아리콩 4세도 기대해주세요!
"April 4, 2022 6:32 PM (GMT+9)",추추카카퐅퐅카카!!!!!!!!
"April 4, 2022 4:35 PM (GMT+9)","너너네네는  정정말  귀귀여여워워,,,짹짹"
"April 4, 2022 6:32 PM (GMT+9)",축하합니다!!! 둥지 최고
"April 4, 2022 4:35 PM (GMT+9)","둥둥지지는  참  포포근근해해,,,,"
"April 4, 2022 4:15 PM (GMT+9)","Hi We are Doongzi, the worldwide design crew. The universe needs the Doongzi. Cheer ya :)"